[{
  "_id": {
    "$oid": "65f1b09fe6a0e41cf6583946"
  },
  "idProduto": "65f1aea6e6a0e41cf658393d",
  "venda": {
    "$numberLong": "1678725183000"
  }
},
{
  "_id": {
    "$oid": "65f1b09fe6a0e41cf6583947"
  },
  "idProduto": "65f1aea6e6a0e41cf6583940",
  "venda": {
    "$numberLong": "1678722383000"
  }
},
{
  "_id": {
    "$oid": "65f1b09fe6a0e41cf6583948"
  },
  "idProduto": "65f1aea6e6a0e41cf658393a",
  "venda": {
    "$numberLong": "1678727983000"
  }
},
{
  "_id": {
    "$oid": "65f1b09fe6a0e41cf6583949"
  },
  "idProduto": "65f1aea6e6a0e41cf658393f",
  "venda": {
    "$numberLong": "1678720783000"
  }
},
{
  "_id": {
    "$oid": "65f1b09fe6a0e41cf658394a"
  },
  "idProduto": "65f1aea6e6a0e41cf6583942",
  "venda": {
    "$numberLong": "1678718383000"
  }
},
{
  "_id": {
    "$oid": "65f1b09fe6a0e41cf658394b"
  },
  "idProduto": "65f1aea6e6a0e41cf658393b",
  "venda": {
    "$numberLong": "1678723583000"
  }
},
{
  "_id": {
    "$oid": "65f1b09fe6a0e41cf658394c"
  },
  "idProduto": "65f1aea6e6a0e41cf6583941",
  "venda": {
    "$numberLong": "1678726383000"
  }
},
{
  "_id": {
    "$oid": "65f1b09fe6a0e41cf658394d"
  },
  "idProduto": "65f1aea6e6a0e41cf658393c",
  "venda": {
    "$numberLong": "1678719183000"
  }
},
{
  "_id": {
    "$oid": "65f1b09fe6a0e41cf658394e"
  },
  "idProduto": "65f1aea6e6a0e41cf658393e",
  "venda": {
    "$numberLong": "1678724783000"
  }
},
{
  "_id": {
    "$oid": "65f1b09fe6a0e41cf658394f"
  },
  "idProduto": "65f1aea6e6a0e41cf6583943",
  "venda": {
    "$numberLong": "1678721583000"
  }
},
{
  "_id": {
    "$oid": "65f1b09fe6a0e41cf6583950"
  },
  "idProduto": "65f1aea6e6a0e41cf658393a",
  "venda": {
    "$numberLong": "1678728783000"
  }
},
{
  "_id": {
    "$oid": "65f1b09fe6a0e41cf6583951"
  },
  "idProduto": "65f1aea6e6a0e41cf658393c",
  "venda": {
    "$numberLong": "1678719983000"
  }
},
{
  "_id": {
    "$oid": "65f1b09fe6a0e41cf6583952"
  },
  "idProduto": "65f1aea6e6a0e41cf658393f",
  "venda": {
    "$numberLong": "1678721183000"
  }
},
{
  "_id": {
    "$oid": "65f1b09fe6a0e41cf6583953"
  },
  "idProduto": "65f1aea6e6a0e41cf6583940",
  "venda": {
    "$numberLong": "1678727183000"
  }
},
{
  "_id": {
    "$oid": "65f1b09fe6a0e41cf6583954"
  },
  "idProduto": "65f1aea6e6a0e41cf658393b",
  "venda": {
    "$numberLong": "1678724383000"
  }
},
{
  "_id": {
    "$oid": "65f1b09fe6a0e41cf6583955"
  },
  "idProduto": "65f1aea6e6a0e41cf6583943",
  "venda": {
    "$numberLong": "1678720383000"
  }
},
{
  "_id": {
    "$oid": "65f1b09fe6a0e41cf6583956"
  },
  "idProduto": "65f1aea6e6a0e41cf6583942",
  "venda": {
    "$numberLong": "1678720383000"
  }
},
{
  "_id": {
    "$oid": "65f1b09fe6a0e41cf6583957"
  },
  "idProduto": "65f1aea6e6a0e41cf658393d",
  "venda": {
    "$numberLong": "1678730383000"
  }
},
{
  "_id": {
    "$oid": "65f1b09fe6a0e41cf6583958"
  },
  "idProduto": "65f1aea6e6a0e41cf6583942",
  "venda": {
    "$numberLong": "1678729183000"
  }
},
{
  "_id": {
    "$oid": "65f1b09fe6a0e41cf6583959"
  },
  "idProduto": "65f1aea6e6a0e41cf658393e",
  "venda": {
    "$numberLong": "1678731183000"
  }
},
{
  "_id": {
    "$oid": "65f1b09fe6a0e41cf658395a"
  },
  "idProduto": "65f1aea6e6a0e41cf6583941",
  "venda": {
    "$numberLong": "1678729983000"
  }
},
{
  "_id": {
    "$oid": "65f1b09fe6a0e41cf658395b"
  },
  "idProduto": "65f1aea6e6a0e41cf658393c",
  "venda": {
    "$numberLong": "1678730783000"
  }
},
{
  "_id": {
    "$oid": "65f1b09fe6a0e41cf658395c"
  },
  "idProduto": "65f1aea6e6a0e41cf6583940",
  "venda": {
    "$numberLong": "1678731983000"
  }
},
{
  "_id": {
    "$oid": "65f1b09fe6a0e41cf658395d"
  },
  "idProduto": "65f1aea6e6a0e41cf658393b",
  "venda": {
    "$numberLong": "1678731583000"
  }
},
{
  "_id": {
    "$oid": "65f1b09fe6a0e41cf658395e"
  },
  "idProduto": "65f1aea6e6a0e41cf658393a",
  "venda": {
    "$numberLong": "1678732383000"
  }
},
{
  "_id": {
    "$oid": "65f1b09fe6a0e41cf658395f"
  },
  "idProduto": "65f1aea6e6a0e41cf658393f",
  "venda": {
    "$numberLong": "1678731783000"
  }
},
{
  "_id": {
    "$oid": "65f1b09fe6a0e41cf6583960"
  },
  "idProduto": "65f1aea6e6a0e41cf6583943",
  "venda": {
    "$numberLong": "1678732783000"
  }
},
{
  "_id": {
    "$oid": "65f1c6169c53c615decdbc80"
  },
  "idProduto": "65f1aea6e6a0e41cf658393b",
  "venda": {
    "$numberLong": "1678733183000"
  }
},
{
  "_id": {
    "$oid": "65f1c6169c53c615decdbc81"
  },
  "idProduto": "65f1aea6e6a0e41cf658393e",
  "venda": {
    "$numberLong": "1678733583000"
  }
},
{
  "_id": {
    "$oid": "65f1c6169c53c615decdbc82"
  },
  "idProduto": "65f1aea6e6a0e41cf6583940",
  "venda": {
    "$numberLong": "1678733983000"
  }
},
{
  "_id": {
    "$oid": "65f1c6169c53c615decdbc83"
  },
  "idProduto": "65f1aea6e6a0e41cf6583942",
  "venda": {
    "$numberLong": "1678734383000"
  }
},
{
  "_id": {
    "$oid": "65f1c6169c53c615decdbc84"
  },
  "idProduto": "65f1aea6e6a0e41cf658393a",
  "venda": {
    "$numberLong": "1678734783000"
  }
},
{
  "_id": {
    "$oid": "65f1c6169c53c615decdbc85"
  },
  "idProduto": "65f1aea6e6a0e41cf658393c",
  "venda": {
    "$numberLong": "1678735183000"
  }
},
{
  "_id": {
    "$oid": "65f1c6169c53c615decdbc86"
  },
  "idProduto": "65f1aea6e6a0e41cf658393d",
  "venda": {
    "$numberLong": "1678735583000"
  }
},
{
  "_id": {
    "$oid": "65f1c6169c53c615decdbc87"
  },
  "idProduto": "65f1aea6e6a0e41cf658393f",
  "venda": {
    "$numberLong": "1678735983000"
  }
},
{
  "_id": {
    "$oid": "65f1c6169c53c615decdbc88"
  },
  "idProduto": "65f1aea6e6a0e41cf6583941",
  "venda": {
    "$numberLong": "1678736383000"
  }
},
{
  "_id": {
    "$oid": "65f1c6169c53c615decdbc89"
  },
  "idProduto": "65f1aea6e6a0e41cf6583943",
  "venda": {
    "$numberLong": "1678736783000"
  }
},
{
  "_id": {
    "$oid": "65f1c65e9c53c615decdbc8b"
  },
  "idProduto": "65f1aea6e6a0e41cf658393a",
  "venda": {
    "$numberLong": "1678737183000"
  }
},
{
  "_id": {
    "$oid": "65f1c65e9c53c615decdbc8c"
  },
  "idProduto": "65f1aea6e6a0e41cf658393c",
  "venda": {
    "$numberLong": "1678737583000"
  }
},
{
  "_id": {
    "$oid": "65f1c65e9c53c615decdbc8d"
  },
  "idProduto": "65f1aea6e6a0e41cf658393e",
  "venda": {
    "$numberLong": "1678737983000"
  }
},
{
  "_id": {
    "$oid": "65f1c65e9c53c615decdbc8e"
  },
  "idProduto": "65f1aea6e6a0e41cf658393a",
  "venda": {
    "$numberLong": "1678738383000"
  }
},
{
  "_id": {
    "$oid": "65f1c65e9c53c615decdbc8f"
  },
  "idProduto": "65f1aea6e6a0e41cf658393c",
  "venda": {
    "$numberLong": "1678738783000"
  }
}]