[{
  "_id": {
    "$oid": "65f1b0efe6a0e41cf6583964"
  },
  "tipo": "Uma sapatilha preta com a sola branca apropriada para camminhada",
  "dataPedido": {
    "$numberLong": "1678730383000"
  }
},
{
  "_id": {
    "$oid": "65f1b135e6a0e41cf6583966"
  },
  "marca": "puma",
  "modelo": "Low Street",
  "tamanho": 39,
  "quantidade": 2,
  "cor": "preto",
  "email": "teste@teste.pt",
  "dataPedido": {
    "$numberLong": "1678730383000"
  }
},
{
  "_id": {
    "$oid": "65f1cd7e26aa80a199cb8eca"
  },
  "marca": "Tino",
  "modelo": "Low Street",
  "tamanho": 23,
  "quantidade": 2,
  "cor": "preto",
  "email": "teste@teste.pt",
  "dataPedido": {
    "$numberLong": "1678730383000"
  }
},
{
  "_id": {
    "$oid": "65f2e25d3038685d1ce3d0cd"
  },
  "email": "asdasd@asd.pt",
  "nome": "asd",
  "idade": "",
  "localidade": "aasdasd",
  "marca": "",
  "modelo": "",
  "cor": "asdasdas",
  "tamanho": "",
  "tipo": "",
  "dataPedido": {
    "$numberLong": "1710416477819"
  }
},
{
  "_id": {
    "$oid": "65f2e2723038685d1ce3d0ce"
  },
  "email": "asdasd@asd.pt",
  "nome": "asd",
  "idade": "",
  "localidade": "aasdasd",
  "marca": "",
  "modelo": "",
  "cor": "asdasdas",
  "tamanho": "",
  "tipo": "",
  "dataPedido": {
    "$numberLong": "1710416498667"
  }
},
{
  "_id": {
    "$oid": "65f2e2753038685d1ce3d0cf"
  },
  "email": "asdasd@asd.pt",
  "nome": "asd",
  "idade": "",
  "localidade": "aasdasd",
  "marca": "",
  "modelo": "",
  "cor": "asdasdas",
  "tamanho": "",
  "tipo": "",
  "dataPedido": {
    "$numberLong": "1710416501235"
  }
},
{
  "_id": {
    "$oid": "65f31802319ba47d1b926992"
  },
  "email": "",
  "nome": "",
  "idade": "",
  "localidade": "",
  "marca": "",
  "modelo": "",
  "cor": "",
  "tamanho": "",
  "tipo": "",
  "dataPedido": {
    "$numberLong": "1710430210936"
  }
},
{
  "_id": {
    "$oid": "65f31811319ba47d1b926993"
  },
  "email": "",
  "nome": "",
  "idade": "",
  "localidade": "",
  "marca": "",
  "modelo": "",
  "cor": "",
  "tamanho": "",
  "tipo": "",
  "dataPedido": {
    "$numberLong": "1710430225707"
  }
},
{
  "_id": {
    "$oid": "65f34e5d6f661eaa4796fa81"
  },
  "email": "",
  "nome": "",
  "idade": "",
  "localidade": "",
  "marca": "",
  "modelo": "",
  "cor": "",
  "tamanho": "",
  "tipo": "",
  "dataPedido": {
    "$numberLong": "1710444125748"
  }
},
{
  "_id": {
    "$oid": "65f34e5e6f661eaa4796fa82"
  },
  "email": "",
  "nome": "",
  "idade": "",
  "localidade": "",
  "marca": "",
  "modelo": "",
  "cor": "",
  "tamanho": "",
  "tipo": "",
  "dataPedido": {
    "$numberLong": "1710444126313"
  }
},
{
  "_id": {
    "$oid": "65f34e5e6f661eaa4796fa83"
  },
  "email": "",
  "nome": "",
  "idade": "",
  "localidade": "",
  "marca": "",
  "modelo": "",
  "cor": "",
  "tamanho": "",
  "tipo": "",
  "dataPedido": {
    "$numberLong": "1710444126725"
  }
},
{
  "_id": {
    "$oid": "65f36a4c6f661eaa4796fa84"
  },
  "email": "",
  "nome": "",
  "idade": "",
  "localidade": "",
  "marca": "",
  "modelo": "",
  "cor": "",
  "tamanho": "",
  "tipo": "",
  "dataPedido": {
    "$numberLong": "1710451276405"
  }
},
{
  "_id": {
    "$oid": "65f4ce43847bf727f2425987"
  },
  "email": "",
  "nome": "",
  "idade": "",
  "localidade": "",
  "marca": "",
  "modelo": "",
  "cor": "",
  "tamanho": "",
  "tipo": "",
  "dataPedido": {
    "$numberLong": "1710542403666"
  }
},
{
  "_id": {
    "$oid": "65f5a8b3847bf727f2425988"
  },
  "email": "",
  "nome": "",
  "idade": "",
  "localidade": "",
  "marca": "",
  "modelo": "",
  "cor": "",
  "tamanho": "",
  "tipo": "",
  "dataPedido": {
    "$numberLong": "1710598323751"
  }
},
{
  "_id": {
    "$oid": "65f5bad0847bf727f2425989"
  },
  "email": "",
  "nome": "",
  "idade": "",
  "localidade": "",
  "marca": "",
  "modelo": "",
  "cor": "",
  "tamanho": "",
  "tipo": "",
  "dataPedido": {
    "$numberLong": "1710602960399"
  }
},
{
  "_id": {
    "$oid": "65f614df847bf727f242598a"
  },
  "email": "",
  "nome": "",
  "idade": "",
  "localidade": "",
  "marca": "",
  "modelo": "",
  "cor": "",
  "tamanho": "",
  "tipo": "",
  "dataPedido": {
    "$numberLong": "1710626015233"
  }
},
{
  "_id": {
    "$oid": "65f716e0847bf727f242598b"
  },
  "email": "",
  "nome": "",
  "idade": "",
  "localidade": "",
  "marca": "",
  "modelo": "",
  "cor": "",
  "tamanho": "",
  "tipo": "",
  "dataPedido": {
    "$numberLong": "1710692064990"
  }
},
{
  "_id": {
    "$oid": "65f716e1847bf727f242598c"
  },
  "email": "",
  "nome": "",
  "idade": "",
  "localidade": "",
  "marca": "",
  "modelo": "",
  "cor": "",
  "tamanho": "",
  "tipo": "",
  "dataPedido": {
    "$numberLong": "1710692065241"
  }
},
{
  "_id": {
    "$oid": "65f716e2847bf727f242598d"
  },
  "email": "",
  "nome": "",
  "idade": "",
  "localidade": "",
  "marca": "",
  "modelo": "",
  "cor": "",
  "tamanho": "",
  "tipo": "",
  "dataPedido": {
    "$numberLong": "1710692066410"
  }
}]