[{
  "_id": {
    "$oid": "65f1aea6e6a0e41cf6583939"
  },
  "marca": "Nike",
  "modelo": "Court Vision Low Nn",
  "foto": "https://i.imgur.com/JAqjgb4.jpeg",
  "preco": 39.99,
  "quantidade": [
    {
      "tamanho": 38,
      "stock": 0
    },
    {
      "tamanho": 39,
      "stock": 1
    },
    {
      "tamanho": 40,
      "stock": 15
    },
    {
      "tamanho": 41,
      "stock": 10
    }
  ],
  "flash": false
},
{
  "_id": {
    "$oid": "65f1aea6e6a0e41cf658393a"
  },
  "marca": "New Balance",
  "modelo": "Gm500",
  "foto": "https://i.imgur.com/QsAVvbW.jpeg",
  "preco": 19.99,
  "quantidade": [
    {
      "tamanho": 38,
      "stock": 15
    },
    {
      "tamanho": 39,
      "stock": 0
    },
    {
      "tamanho": 40,
      "stock": 3
    },
    {
      "tamanho": 41,
      "stock": 0
    }
  ],
  "flash": false
},
{
  "_id": {
    "$oid": "65f1aea6e6a0e41cf658393b"
  },
  "marca": "Adidas",
  "modelo": "Urban Court",
  "foto": "https://i.imgur.com/pjZEeyw.png",
  "preco": 49.99,
  "quantidade": [
    {
      "tamanho": 38,
      "stock": 15
    },
    {
      "tamanho": 39,
      "stock": 0
    },
    {
      "tamanho": 40,
      "stock": 3
    },
    {
      "tamanho": 41,
      "stock": 0
    }
  ],
  "flash": false
},
{
  "_id": {
    "$oid": "65f1aea6e6a0e41cf658393c"
  },
  "marca": "Nike",
  "modelo": "Court Vision Low Trk3",
  "foto": "https://i.imgur.com/avs8ywX.png",
  "preco": 49.99,
  "quantidade": [
    {
      "tamanho": 38,
      "stock": 15
    },
    {
      "tamanho": 39,
      "stock": 0
    },
    {
      "tamanho": 40,
      "stock": 3
    },
    {
      "tamanho": 41,
      "stock": 0
    }
  ],
  "flash": false
},
{
  "_id": {
    "$oid": "65f1aea6e6a0e41cf658393d"
  },
  "marca": "Adidas",
  "modelo": "Run 60s 3.0",
  "foto": "https://i.imgur.com/11ZJ3i9.png",
  "preco": 69.99,
  "quantidade": [
    {
      "tamanho": 38,
      "stock": 15
    },
    {
      "tamanho": 39,
      "stock": 0
    },
    {
      "tamanho": 40,
      "stock": 3
    },
    {
      "tamanho": 41,
      "stock": 0
    }
  ],
  "flash": true
},
{
  "_id": {
    "$oid": "65f1aea6e6a0e41cf658393e"
  },
  "marca": "Vans",
  "modelo": "Filmore Decon",
  "foto": "https://i.imgur.com/JKQeZCA.png",
  "preco": 89.99,
  "quantidade": [
    {
      "tamanho": 38,
      "stock": 15
    },
    {
      "tamanho": 39,
      "stock": 0
    },
    {
      "tamanho": 40,
      "stock": 3
    },
    {
      "tamanho": 41,
      "stock": 0
    }
  ],
  "flash": false
},
{
  "_id": {
    "$oid": "65f1aea6e6a0e41cf658393f"
  },
  "marca": "Nike",
  "modelo": "Air Max Sc",
  "foto": "https://i.imgur.com/WP3n7Ue.png",
  "preco": 19.99,
  "quantidade": [
    {
      "tamanho": 38,
      "stock": 15
    },
    {
      "tamanho": 39,
      "stock": 0
    },
    {
      "tamanho": 40,
      "stock": 3
    },
    {
      "tamanho": 41,
      "stock": 0
    }
  ],
  "flash": true
},
{
  "_id": {
    "$oid": "65f1aea6e6a0e41cf6583940"
  },
  "marca": "Nike",
  "modelo": "Air Zoom Pegasus 40",
  "foto": "https://i.imgur.com/UJnK58s.jpeg",
  "preco": 19.99,
  "quantidade": [
    {
      "tamanho": 38,
      "stock": 15
    },
    {
      "tamanho": 39,
      "stock": 0
    },
    {
      "tamanho": 40,
      "stock": 3
    },
    {
      "tamanho": 41,
      "stock": 0
    }
  ],
  "flash": true
},
{
  "_id": {
    "$oid": "65f1aea6e6a0e41cf6583941"
  },
  "marca": "Nike",
  "modelo": "Zoom Fly 5",
  "foto": "https://i.imgur.com/Q9IkNgi.jpeg",
  "preco": 19.99,
  "quantidade": [
    {
      "tamanho": 38,
      "stock": 15
    },
    {
      "tamanho": 39,
      "stock": 0
    },
    {
      "tamanho": 40,
      "stock": 3
    },
    {
      "tamanho": 41,
      "stock": 0
    }
  ],
  "flash": true
},
{
  "_id": {
    "$oid": "65f1aea6e6a0e41cf6583942"
  },
  "marca": "Nike",
  "modelo": "Air Jordan 1 Retro",
  "foto": "https://i.imgur.com/ll7Lbxk.png",
  "preco": 129.99,
  "quantidade": [
    {
      "tamanho": 38,
      "stock": 15
    },
    {
      "tamanho": 39,
      "stock": 0
    },
    {
      "tamanho": 40,
      "stock": 3
    },
    {
      "tamanho": 41,
      "stock": 0
    }
  ],
  "flash": true
},
{
  "_id": {
    "$oid": "65f1aea6e6a0e41cf6583943"
  },
  "marca": "Nike",
  "modelo": "Downshifter 13",
  "foto": "https://i.imgur.com/T6BVkIl.png",
  "preco": 79.99,
  "quantidade": [
    {
      "tamanho": 38,
      "stock": 15
    },
    {
      "tamanho": 39,
      "stock": 0
    },
    {
      "tamanho": 40,
      "stock": 3
    },
    {
      "tamanho": 41,
      "stock": 0
    }
  ],
  "flash": false
}]