{"_type":"export","__export_format":4,"__export_date":"2024-03-18T10:44:17.987Z","__export_source":"insomnia.desktop.app:v8.6.1","resources":[{"_id":"req_b3c895ff3864492aa599598b4280337c","parentId":"wrk_e12e1f35f77647b7b4638b3848f74764","modified":1710354968122,"created":1710346538272,"url":"http://localhost:3000/api/auth/login","name":"Login","description":"","method":"POST","body":{"mimeType":"application/json","text":"{\n\t\"email\": \"exemplo@email.pt\",\n\t\"password\": \"exemplo\"\n}"},"parameters":[],"headers":[{"name":"Content-Type","value":"application/json"},{"name":"User-Agent","value":"insomnia/8.6.1"}],"authentication":{},"metaSortKey":-1710346804147,"isPrivate":false,"pathParameters":[],"settingStoreCookies":true,"settingSendCookies":true,"settingDisableRenderRequestBody":false,"settingEncodeUrl":true,"settingRebuildPath":true,"settingFollowRedirects":"global","_type":"request"},{"_id":"wrk_e12e1f35f77647b7b4638b3848f74764","parentId":null,"modified":1710341347435,"created":1710341347435,"name":"sneakers","description":"","scope":"collection","_type":"workspace"},{"_id":"req_083a929d737844fd9337d19ee9740619","parentId":"wrk_e12e1f35f77647b7b4638b3848f74764","modified":1710355691883,"created":1710346543556,"url":"http://localhost:3000/api/auth/signup","name":"Signup","description":"","method":"POST","body":{"mimeType":"application/json","text":"{\n\t\"email\": \"exemplo3@email.pt\",\n\t\"password\": \"exemplo\",\n\t\"nome\": \"Jononono\"\n}"},"parameters":[],"headers":[{"name":"Content-Type","value":"application/json"},{"name":"User-Agent","value":"insomnia/8.6.1"}],"authentication":{},"metaSortKey":-1710346804047,"isPrivate":false,"pathParameters":[],"settingStoreCookies":true,"settingSendCookies":true,"settingDisableRenderRequestBody":false,"settingEncodeUrl":true,"settingRebuildPath":true,"settingFollowRedirects":"global","_type":"request"},{"_id":"req_cc563ecba3b7419c8ee844904eef672e","parentId":"wrk_e12e1f35f77647b7b4638b3848f74764","modified":1710354091339,"created":1710346803947,"url":"http://localhost:3000/api/pesquisa/Air Jordan","name":"Pesquisa","description":"","method":"GET","body":{},"parameters":[],"headers":[{"name":"User-Agent","value":"insomnia/8.6.1"}],"authentication":{},"metaSortKey":-1710346803947,"isPrivate":false,"pathParameters":[],"settingStoreCookies":true,"settingSendCookies":true,"settingDisableRenderRequestBody":false,"settingEncodeUrl":true,"settingRebuildPath":true,"settingFollowRedirects":"global","_type":"request"},{"_id":"req_8cb97fd1e251435eb80c30f1a5f8c31a","parentId":"wrk_e12e1f35f77647b7b4638b3848f74764","modified":1710354085870,"created":1710345256447,"url":"http://localhost:3000/api/pedido","name":"Formulario","description":"","method":"POST","body":{"mimeType":"application/json","text":"{\n  \"marca\": \"Tino\",\n  \"modelo\": \"Low Street\",\n  \"tamanho\": 23,\n  \"quantidade\": 2,\n  \"cor\": \"preto\",\n  \"email\": \"teste@teste.pt\",\n  \"dataPedido\":1678730383000\n  }\n"},"parameters":[],"headers":[{"name":"Content-Type","value":"application/json"},{"name":"User-Agent","value":"insomnia/8.6.1"}],"authentication":{},"metaSortKey":-1710345256447,"isPrivate":false,"pathParameters":[],"settingStoreCookies":true,"settingSendCookies":true,"settingDisableRenderRequestBody":false,"settingEncodeUrl":true,"settingRebuildPath":true,"settingFollowRedirects":"global","_type":"request"},{"_id":"req_ffeb5f977cb547f5aaecd4c079072f9e","parentId":"wrk_e12e1f35f77647b7b4638b3848f74764","modified":1710345233882,"created":1710341350988,"url":"http://localhost:3000/api/produto/flash","name":"Flash sales","description":"","method":"GET","body":{},"parameters":[],"headers":[{"name":"User-Agent","value":"insomnia/8.6.1"}],"authentication":{},"metaSortKey":-1710341350989,"isPrivate":false,"pathParameters":[],"settingStoreCookies":true,"settingSendCookies":true,"settingDisableRenderRequestBody":false,"settingEncodeUrl":true,"settingRebuildPath":true,"settingFollowRedirects":"global","_type":"request"},{"_id":"req_d0034930778e48aabfc06ca1514acbdb","parentId":"wrk_e12e1f35f77647b7b4638b3848f74764","modified":1710356886485,"created":1710356882446,"url":"http://localhost:3000/api/produto/todos","name":"todos","description":"","method":"GET","body":{},"parameters":[],"headers":[{"name":"User-Agent","value":"insomnia/8.6.1"}],"authentication":{},"metaSortKey":-1710216008095,"isPrivate":false,"pathParameters":[],"settingStoreCookies":true,"settingSendCookies":true,"settingDisableRenderRequestBody":false,"settingEncodeUrl":true,"settingRebuildPath":true,"settingFollowRedirects":"global","_type":"request"},{"_id":"req_240a7fbd75574b6eb1770d7a81aabc4d","parentId":"wrk_e12e1f35f77647b7b4638b3848f74764","modified":1710345244458,"created":1710345237921,"url":"http://localhost:3000/api/produto/65f1aea6e6a0e41cf6583939","name":"Produto","description":"","method":"GET","body":{},"parameters":[],"headers":[{"name":"User-Agent","value":"insomnia/8.6.1"}],"authentication":{},"metaSortKey":-1710090665201,"isPrivate":false,"pathParameters":[],"settingStoreCookies":true,"settingSendCookies":true,"settingDisableRenderRequestBody":false,"settingEncodeUrl":true,"settingRebuildPath":true,"settingFollowRedirects":"global","_type":"request"},{"_id":"env_4b7023c63b51b637d222f5577e54904b3bb7f1fc","parentId":"wrk_e12e1f35f77647b7b4638b3848f74764","modified":1710341347438,"created":1710341347438,"name":"Base Environment","data":{},"dataPropertyOrder":null,"color":null,"isPrivate":false,"metaSortKey":1710341347438,"_type":"environment"},{"_id":"jar_4b7023c63b51b637d222f5577e54904b3bb7f1fc","parentId":"wrk_e12e1f35f77647b7b4638b3848f74764","modified":1710341347440,"created":1710341347440,"name":"Default Jar","cookies":[],"_type":"cookie_jar"}]}